
{
    "region" : "us-east-1",
    "configuration" : "Debug",
    "framework"     : "net8.0",
    "self-contained" : true,
    "application"    : "CarggyAPI",
    "environment"    : "CarggyAPI-dev",
    "enable-xray"    : false,
    "enhanced-health-type" : "basic",
    "additional-options"   : "",
    "solution-stack"       : "64bit Amazon Linux 2 v2.9.0 running .NET Core",
    "environment-type"     : "SingleInstance",
    "cname"                : "carggyapi-dev",
    "instance-type"        : "t2.micro",
    "key-pair"             : "vockey",
    "instance-profile"     : "LabInstanceProfile",
    "service-role"         : "LabRole",
    "proxy-server"         : "nginx"
}